Workbook

Sheet 统一打分计算
A1: 指标 | B1: 企业 | C1: 当期值 | D1: 基准值 | E1: 改进率/提升率 | F1: 行业维度得分(S_ind) | G1: 自身维度得分(S_self) | H1: 总分
A2: 物理碳排放 | B2: 中信特钢 | C2: 1.766369 | D2: 1.949144 | E2: 0.093771912 | F2: =IF(ISBLANK(C2),0,IF(C2<=参数底稿!$E$2,10,IF(C2>=参数底稿!$F$2,1,1+9*(参数底稿!$F$2-C2)/(参数底稿!$F$2-参数底稿!$E$2)))) -> 6.5301749 | G2: =IF(ISBLANK(E2),0,IF(E2>=参数底稿!$F$3,10,IF(E2<=参数底稿!$E$3,1,1+9*(E2-参数底稿!$E$3)/(参数底稿!$F$3-参数底稿!$E$3)))) -> 10 | H2: =0.7*F2+0.3*G2 -> 7.5711225
A3: 物理碳排放 | B3: 柳钢股份 | C3: 1.0822139 | D3: 1.1559959 | E3: 0.063825546 | F3: =IF(ISBLANK(C3),0,IF(C3<=参数底稿!$E$2,10,IF(C3>=参数底稿!$F$2,1,1+9*(参数底稿!$F$2-C3)/(参数底稿!$F$2-参数底稿!$E$2)))) -> 10 | G3: =IF(ISBLANK(E3),0,IF(E3>=参数底稿!$F$3,10,IF(E3<=参数底稿!$E$3,1,1+9*(E3-参数底稿!$E$3)/(参数底稿!$F$3-参数底稿!$E$3)))) -> 10 | H3: =0.7*F3+0.3*G3 -> 10
A4: 物理碳排放 | B4: 杭钢股份 | C4: 2.030303 | D4: 2.1084071 | E4: 0.037044103 | F4: =IF(ISBLANK(C4),0,IF(C4<=参数底稿!$E$2,10,IF(C4>=参数底稿!$F$2,1,1+9*(参数底稿!$F$2-C4)/(参数底稿!$F$2-参数底稿!$E$2)))) -> 2.4998417 | G4: =IF(ISBLANK(E4),0,IF(E4>=参数底稿!$F$3,10,IF(E4<=参数底稿!$E$3,1,1+9*(E4-参数底稿!$E$3)/(参数底稿!$F$3-参数底稿!$E$3)))) -> 8.4112969 | H4: =0.7*F4+0.3*G4 -> 4.2732783
A5: 物理碳排放 | B5: 太钢不锈 | C5: 1.6047041 | D5: 1.6552771 | E5: 0.030552617 | F5: =IF(ISBLANK(C5),0,IF(C5<=参数底稿!$E$2,10,IF(C5>=参数底稿!$F$2,1,1+9*(参数底稿!$F$2-C5)/(参数底稿!$F$2-参数底稿!$E$2)))) -> 8.9988363 | G5: =IF(ISBLANK(E5),0,IF(E5>=参数底稿!$F$3,10,IF(E5<=参数底稿!$E$3,1,1+9*(E5-参数底稿!$E$3)/(参数底稿!$F$3-参数底稿!$E$3)))) -> 7.9299389 | H5: =0.7*F5+0.3*G5 -> 8.6781671
A6: 物理碳排放 | B6: 宝山钢铁 | C6: 2.1443299 | D6: 2.1852137 | E6: 0.018709297 | F6: =IF(ISBLANK(C6),0,IF(C6<=参数底稿!$E$2,10,IF(C6>=参数底稿!$F$2,1,1+9*(参数底稿!$F$2-C6)/(参数底稿!$F$2-参数底稿!$E$2)))) -> 1 | G6: =IF(ISBLANK(E6),0,IF(E6>=参数底稿!$F$3,10,IF(E6<=参数底稿!$E$3,1,1+9*(E6-参数底稿!$E$3)/(参数底稿!$F$3-参数底稿!$E$3)))) -> 7.0517308 | H6: =0.7*F6+0.3*G6 -> 2.8155192
A7: 物理碳排放 | B7: 河钢股份 | C7: 2.0457986 | D7: 2.0799527 | E7: 0.016420613 | F7: =IF(ISBLANK(C7),0,IF(C7<=参数底稿!$E$2,10,IF(C7>=参数底稿!$F$2,1,1+9*(参数底稿!$F$2-C7)/(参数底稿!$F$2-参数底稿!$E$2)))) -> 2.2632202 | G7: =IF(ISBLANK(E7),0,IF(E7>=参数底稿!$F$3,10,IF(E7<=参数底稿!$E$3,1,1+9*(E7-参数底稿!$E$3)/(参数底稿!$F$3-参数底稿!$E$3)))) -> 6.8820199 | H7: =0.7*F7+0.3*G7 -> 3.6488601
A8: 物理碳排放 | B8: 中南股份 | C8: 1.8107417 | D8: 1.8204489 | E8: 0.0053323056 | F8: =IF(ISBLANK(C8),0,IF(C8<=参数底稿!$E$2,10,IF(C8>=参数底稿!$F$2,1,1+9*(参数底稿!$F$2-C8)/(参数底稿!$F$2-参数底稿!$E$2)))) -> 5.8525944 | G8: =IF(ISBLANK(E8),0,IF(E8>=参数底稿!$F$3,10,IF(E8<=参数底稿!$E$3,1,1+9*(E8-参数底稿!$E$3)/(参数底稿!$F$3-参数底稿!$E$3)))) -> 6.0597976 | H8: =0.7*F8+0.3*G8 -> 5.9147554
A9: 物理碳排放 | B9: 重庆钢铁 | C9: 1.5256242 | D9: 1.5303327 | E9: 0.0030767835 | F9: =IF(ISBLANK(C9),0,IF(C9<=参数底稿!$E$2,10,IF(C9>=参数底稿!$F$2,1,1+9*(参数底稿!$F$2-C9)/(参数底稿!$F$2-参数底稿!$E$2)))) -> 10 | G9: =IF(ISBLANK(E9),0,IF(E9>=参数底稿!$F$3,10,IF(E9<=参数底稿!$E$3,1,1+9*(E9-参数底稿!$E$3)/(参数底稿!$F$3-参数底稿!$E$3)))) -> 5.8925457 | H9: =0.7*F9+0.3*G9 -> 8.7677637
A10: 物理碳排放 | B10: 首钢股份 | C10: 1.8982833 | D10: 1.8973253 | E10: -0.00050491152 | F10: =IF(ISBLANK(C10),0,IF(C10<=参数底稿!$E$2,10,IF(C10>=参数底稿!$F$2,1,1+9*(参数底稿!$F$2-C10)/(参数底稿!$F$2-参数底稿!$E$2)))) -> 4.5158143 | G10: =IF(ISBLANK(E10),0,IF(E10>=参数底稿!$F$3,10,IF(E10<=参数底稿!$E$3,1,1+9*(E10-参数底稿!$E$3)/(参数底稿!$F$3-参数底稿!$E$3)))) -> 5.6269551 | H10: =0.7*F10+0.3*G10 -> 4.8491565
A11: 物理碳排放 | B11: 山东钢铁 | C11: 1.8199595 | D11: 1.8180602 | E11: -0.0010447073 | F11: =IF(ISBLANK(C11),0,IF(C11<=参数底稿!$E$2,10,IF(C11>=参数底稿!$F$2,1,1+9*(参数底稿!$F$2-C11)/(参数底稿!$F$2-参数底稿!$E$2)))) -> 5.7118357 | G11: =IF(ISBLANK(E11),0,IF(E11>=参数底稿!$F$3,10,IF(E11<=参数底稿!$E$3,1,1+9*(E11-参数底稿!$E$3)/(参数底稿!$F$3-参数底稿!$E$3)))) -> 5.5869281 | H11: =0.7*F11+0.3*G11 -> 5.6743634
A12: 物理碳排放 | B12: 新钢股份 | C12: 2.0916415 | D12: 1.9815838 | E12: -0.055540269 | F12: =IF(ISBLANK(C12),0,IF(C12<=参数底稿!$E$2,10,IF(C12>=参数底稿!$F$2,1,1+9*(参数底稿!$F$2-C12)/(参数底稿!$F$2-参数底稿!$E$2)))) -> 1.5631892 | G12: =IF(ISBLANK(E12),0,IF(E12>=参数底稿!$F$3,10,IF(E12<=参数底稿!$E$3,1,1+9*(E12-参数底稿!$E$3)/(参数底稿!$F$3-参数底稿!$E$3)))) -> 1.5459627 | H12: =0.7*F12+0.3*G12 -> 1.5580212
A13: 物理碳排放 | B13: 马钢股份 | C13: 2.0076253 | D13: 1.885548 | E13: -0.06474365 | F13: =IF(ISBLANK(C13),0,IF(C13<=参数底稿!$E$2,10,IF(C13>=参数底稿!$F$2,1,1+9*(参数底稿!$F$2-C13)/(参数底稿!$F$2-参数底稿!$E$2)))) -> 2.8461364 | G13: =IF(ISBLANK(E13),0,IF(E13>=参数底稿!$F$3,10,IF(E13<=参数底稿!$E$3,1,1+9*(E13-参数底稿!$E$3)/(参数底稿!$F$3-参数底稿!$E$3)))) -> 1 | H13: =0.7*F13+0.3*G13 -> 2.2922955
A14: 物理碳排放 | B14: 南钢股份 | C14: 2.1898598 | D14: 1.9855769 | E14: -0.10288337 | F14: =IF(ISBLANK(C14),0,IF(C14<=参数底稿!$E$2,10,IF(C14>=参数底稿!$F$2,1,1+9*(参数底稿!$F$2-C14)/(参数底稿!$F$2-参数底稿!$E$2)))) -> 1 | G14: =IF(ISBLANK(E14),0,IF(E14>=参数底稿!$F$3,10,IF(E14<=参数底稿!$E$3,1,1+9*(E14-参数底稿!$E$3)/(参数底稿!$F$3-参数底稿!$E$3)))) -> 1 | H14: =0.7*F14+0.3*G14 -> 1
A15: 物理碳排放 | B15: 宝武钢铁 | F15: =IF(ISBLANK(C15),0,IF(C15<=参数底稿!$E$2,10,IF(C15>=参数底稿!$F$2,1,1+9*(参数底稿!$F$2-C15)/(参数底稿!$F$2-参数底稿!$E$2)))) -> 0 | G15: =IF(ISBLANK(E15),0,IF(E15>=参数底稿!$F$3,10,IF(E15<=参数底稿!$E$3,1,1+9*(E15-参数底稿!$E$3)/(参数底稿!$F$3-参数底稿!$E$3)))) -> 0 | H15: =0.7*F15+0.3*G15 -> 0
A16: 物理碳排放 | B16: 华菱钢铁 | F16: =IF(ISBLANK(C16),0,IF(C16<=参数底稿!$E$2,10,IF(C16>=参数底稿!$F$2,1,1+9*(参数底稿!$F$2-C16)/(参数底稿!$F$2-参数底稿!$E$2)))) -> 0 | G16: =IF(ISBLANK(E16),0,IF(E16>=参数底稿!$F$3,10,IF(E16<=参数底稿!$E$3,1,1+9*(E16-参数底稿!$E$3)/(参数底稿!$F$3-参数底稿!$E$3)))) -> 0 | H16: =0.7*F16+0.3*G16 -> 0
A17: 物理碳排放 | B17: 包钢股份 | F17: =IF(ISBLANK(C17),0,IF(C17<=参数底稿!$E$2,10,IF(C17>=参数底稿!$F$2,1,1+9*(参数底稿!$F$2-C17)/(参数底稿!$F$2-参数底稿!$E$2)))) -> 0 | G17: =IF(ISBLANK(E17),0,IF(E17>=参数底稿!$F$3,10,IF(E17<=参数底稿!$E$3,1,1+9*(E17-参数底稿!$E$3)/(参数底稿!$F$3-参数底稿!$E$3)))) -> 0 | H17: =0.7*F17+0.3*G17 -> 0
A18: 物理碳排放 | B18: 鞍钢股份 | F18: =IF(ISBLANK(C18),0,IF(C18<=参数底稿!$E$2,10,IF(C18>=参数底稿!$F$2,1,1+9*(参数底稿!$F$2-C18)/(参数底稿!$F$2-参数底稿!$E$2)))) -> 0 | G18: =IF(ISBLANK(E18),0,IF(E18>=参数底稿!$F$3,10,IF(E18<=参数底稿!$E$3,1,1+9*(E18-参数底稿!$E$3)/(参数底稿!$F$3-参数底稿!$E$3)))) -> 0 | H18: =0.7*F18+0.3*G18 -> 0
A19: 物理碳排放 | B19: 本钢板材 | F19: =IF(ISBLANK(C19),0,IF(C19<=参数底稿!$E$2,10,IF(C19>=参数底稿!$F$2,1,1+9*(参数底稿!$F$2-C19)/(参数底稿!$F$2-参数底稿!$E$2)))) -> 0 | G19: =IF(ISBLANK(E19),0,IF(E19>=参数底稿!$F$3,10,IF(E19<=参数底稿!$E$3,1,1+9*(E19-参数底稿!$E$3)/(参数底稿!$F$3-参数底稿!$E$3)))) -> 0 | H19: =0.7*F19+0.3*G19 -> 0
A20: 物理碳排放 | B20: 八一钢铁 | C20: 1.5706806 | F20: =IF(ISBLANK(C20),0,IF(C20<=参数底稿!$E$2,10,IF(C20>=参数底稿!$F$2,1,1+9*(参数底稿!$F$2-C20)/(参数底稿!$F$2-参数底稿!$E$2)))) -> 9.5183826 | G20: =IF(ISBLANK(E20),0,IF(E20>=参数底稿!$F$3,10,IF(E20<=参数底稿!$E$3,1,1+9*(E20-参数底稿!$E$3)/(参数底稿!$F$3-参数底稿!$E$3)))) -> 0 | H20: =0.7*F20+0.3*G20 -> 6.6628678
A21: 物理碳排放 | B21: 凌钢股份 | F21: =IF(ISBLANK(C21),0,IF(C21<=参数底稿!$E$2,10,IF(C21>=参数底稿!$F$2,1,1+9*(参数底稿!$F$2-C21)/(参数底稿!$F$2-参数底稿!$E$2)))) -> 0 | G21: =IF(ISBLANK(E21),0,IF(E21>=参数底稿!$F$3,10,IF(E21<=参数底稿!$E$3,1,1+9*(E21-参数底稿!$E$3)/(参数底稿!$F$3-参数底稿!$E$3)))) -> 0 | H21: =0.7*F21+0.3*G21 -> 0
A23: 营收碳排放 | B23: 杭钢股份 | C23: 1.3681201 | D23: 1.7070593 | E23: 0.19855149 | F23: =IF(ISBLANK(C23),0,IF(C23<=参数底稿!$E$5,10,IF(C23>=参数底稿!$F$5,1,1+9*(参数底稿!$F$5-C23)/(参数底稿!$F$5-参数底稿!$E$5)))) -> 10 | G23: =IF(ISBLANK(E23),0,IF(E23>=参数底稿!$F$6,10,IF(E23<=参数底稿!$E$6,1,1+9*(E23-参数底稿!$E$6)/(参数底稿!$F$6-参数底稿!$E$6)))) -> 10 | H23: =0.7*F23+0.3*G23 -> 10
A24: 营收碳排放 | B24: 中信特钢 | C24: 3.2608994 | D24: 3.3950482 | E24: 0.039513067 | F24: =IF(ISBLANK(C24),0,IF(C24<=参数底稿!$E$5,10,IF(C24>=参数底稿!$F$5,1,1+9*(参数底稿!$F$5-C24)/(参数底稿!$F$5-参数底稿!$E$5)))) -> 6.5342964 | G24: =IF(ISBLANK(E24),0,IF(E24>=参数底稿!$F$6,10,IF(E24<=参数底稿!$E$6,1,1+9*(E24-参数底稿!$E$6)/(参数底稿!$F$6-参数底稿!$E$6)))) -> 10 | H24: =0.7*F24+0.3*G24 -> 7.5740075
A25: 营收碳排放 | B25: 柳钢股份 | C25: 2.8717276 | D25: 2.8557083 | E25: -0.0056095789 | F25: =IF(ISBLANK(C25),0,IF(C25<=参数底稿!$E$5,10,IF(C25>=参数底稿!$F$5,1,1+9*(参数底稿!$F$5-C25)/(参数底稿!$F$5-参数底稿!$E$5)))) -> 7.9932427 | G25: =IF(ISBLANK(E25),0,IF(E25>=参数底稿!$F$6,10,IF(E25<=参数底稿!$E$6,1,1+9*(E25-参数底稿!$E$6)/(参数底稿!$F$6-参数底稿!$E$6)))) -> 8.6007941 | H25: =0.7*F25+0.3*G25 -> 8.1755082
A26: 营收碳排放 | B26: 太钢不锈 | C26: 2.1070144 | D26: 2.0640421 | E26: -0.020819489 | F26: =IF(ISBLANK(C26),0,IF(C26<=参数底稿!$E$5,10,IF(C26>=参数底稿!$F$5,1,1+9*(参数底稿!$F$5-C26)/(参数底稿!$F$5-参数底稿!$E$5)))) -> 10 | G26: =IF(ISBLANK(E26),0,IF(E26>=参数底稿!$F$6,10,IF(E26<=参数底稿!$E$6,1,1+9*(E26-参数底稿!$E$6)/(参数底稿!$F$6-参数底稿!$E$6)))) -> 8.0112475 | H26: =0.7*F26+0.3*G26 -> 9.4033743
A27: 营收碳排放 | B27: 河钢股份 | C27: 4.44428 | D27: 4.3024506 | E27: -0.032964786 | F27: =IF(ISBLANK(C27),0,IF(C27<=参数底稿!$E$5,10,IF(C27>=参数底稿!$F$5,1,1+9*(参数底稿!$F$5-C27)/(参数底稿!$F$5-参数底稿!$E$5)))) -> 2.0979816 | G27: =IF(ISBLANK(E27),0,IF(E27>=参数底稿!$F$6,10,IF(E27<=参数底稿!$E$6,1,1+9*(E27-参数底稿!$E$6)/(参数底稿!$F$6-参数底稿!$E$6)))) -> 7.5404874 | H27: =0.7*F27+0.3*G27 -> 3.7307333
A28: 营收碳排放 | B28: 宝山钢铁 | C28: 3.4223696 | D28: 3.2911143 | E28: -0.03988172 | F28: =IF(ISBLANK(C28),0,IF(C28<=参数底稿!$E$5,10,IF(C28>=参数底稿!$F$5,1,1+9*(参数底稿!$F$5-C28)/(参数底稿!$F$5-参数底稿!$E$5)))) -> 5.9289692 | G28: =IF(ISBLANK(E28),0,IF(E28>=参数底稿!$F$6,10,IF(E28<=参数底稿!$E$6,1,1+9*(E28-参数底稿!$E$6)/(参数底稿!$F$6-参数底稿!$E$6)))) -> 7.2723822 | H28: =0.7*F28+0.3*G28 -> 6.3319931
A29: 营收碳排放 | B29: 首钢股份 | C29: 4.0836111 | D29: 3.8659998 | E29: -0.056288496 | F29: =IF(ISBLANK(C29),0,IF(C29<=参数底稿!$E$5,10,IF(C29>=参数底稿!$F$5,1,1+9*(参数底稿!$F$5-C29)/(参数底稿!$F$5-参数底稿!$E$5)))) -> 3.4500748 | G29: =IF(ISBLANK(E29),0,IF(E29>=参数底稿!$F$6,10,IF(E29<=参数底稿!$E$6,1,1+9*(E29-参数底稿!$E$6)/(参数底稿!$F$6-参数底稿!$E$6)))) -> 6.6364443 | H29: =0.7*F29+0.3*G29 -> 4.4059856
A30: 营收碳排放 | B30: 重庆钢铁 | C30: 4.2614888 | D30: 3.9778219 | E30: -0.071312119 | F30: =IF(ISBLANK(C30),0,IF(C30<=参数底稿!$E$5,10,IF(C30>=参数底稿!$F$5,1,1+9*(参数底稿!$F$5-C30)/(参数底稿!$F$5-参数底稿!$E$5)))) -> 2.7832383 | G30: =IF(ISBLANK(E30),0,IF(E30>=参数底稿!$F$6,10,IF(E30<=参数底稿!$E$6,1,1+9*(E30-参数底稿!$E$6)/(参数底稿!$F$6-参数底稿!$E$6)))) -> 6.0541182 | H30: =0.7*F30+0.3*G30 -> 3.7645023
A31: 营收碳排放 | B31: 山东钢铁 | C31: 3.2876946 | D31: 3.0041448 | E31: -0.094386197 | F31: =IF(ISBLANK(C31),0,IF(C31<=参数底稿!$E$5,10,IF(C31>=参数底稿!$F$5,1,1+9*(参数底稿!$F$5-C31)/(参数底稿!$F$5-参数底稿!$E$5)))) -> 6.4338454 | G31: =IF(ISBLANK(E31),0,IF(E31>=参数底稿!$F$6,10,IF(E31<=参数底稿!$E$6,1,1+9*(E31-参数底稿!$E$6)/(参数底稿!$F$6-参数底稿!$E$6)))) -> 5.159751 | H31: =0.7*F31+0.3*G31 -> 6.0516171
A32: 营收碳排放 | B32: 马钢股份 | C32: 4.5051762 | D32: 3.9297338 | E32: -0.14643293 | F32: =IF(ISBLANK(C32),0,IF(C32<=参数底稿!$E$5,10,IF(C32>=参数底稿!$F$5,1,1+9*(参数底稿!$F$5-C32)/(参数底稿!$F$5-参数底稿!$E$5)))) -> 1.869691 | G32: =IF(ISBLANK(E32),0,IF(E32>=参数底稿!$F$6,10,IF(E32<=参数底稿!$E$6,1,1+9*(E32-参数底稿!$E$6)/(参数底稿!$F$6-参数底稿!$E$6)))) -> 3.1423838 | H32: =0.7*F32+0.3*G32 -> 2.2514988
A33: 营收碳排放 | B33: 南钢股份 | C33: 3.2842051 | D33: 2.8465875 | E33: -0.15373409 | F33: =IF(ISBLANK(C33),0,IF(C33<=参数底稿!$E$5,10,IF(C33>=参数底稿!$F$5,1,1+9*(参数底稿!$F$5-C33)/(参数底稿!$F$5-参数底稿!$E$5)))) -> 6.4469271 | G33: =IF(ISBLANK(E33),0,IF(E33>=参数底稿!$F$6,10,IF(E33<=参数底稿!$E$6,1,1+9*(E33-参数底稿!$E$6)/(参数底稿!$F$6-参数底稿!$E$6)))) -> 2.8593858 | H33: =0.7*F33+0.3*G33 -> 5.3706647
A34: 营收碳排放 | B34: 中南股份 | C34: 4.5419554 | D34: 3.7422464 | E34: -0.21369758 | F34: =IF(ISBLANK(C34),0,IF(C34<=参数底稿!$E$5,10,IF(C34>=参数底稿!$F$5,1,1+9*(参数底稿!$F$5-C34)/(参数底稿!$F$5-参数底稿!$E$5)))) -> 1.7318115 | G34: =IF(ISBLANK(E34),0,IF(E34>=参数底稿!$F$6,10,IF(E34<=参数底稿!$E$6,1,1+9*(E34-参数底稿!$E$6)/(参数底稿!$F$6-参数底稿!$E$6)))) -> 1 | H34: =0.7*F34+0.3*G34 -> 1.512268
A35: 营收碳排放 | B35: 新钢股份 | C35: 4.9684241 | D35: 3.0248935 | E35: -0.64251205 | F35: =IF(ISBLANK(C35),0,IF(C35<=参数底稿!$E$5,10,IF(C35>=参数底稿!$F$5,1,1+9*(参数底稿!$F$5-C35)/(参数底稿!$F$5-参数底稿!$E$5)))) -> 1 | G35: =IF(ISBLANK(E35),0,IF(E35>=参数底稿!$F$6,10,IF(E35<=参数底稿!$E$6,1,1+9*(E35-参数底稿!$E$6)/(参数底稿!$F$6-参数底稿!$E$6)))) -> 1 | H35: =0.7*F35+0.3*G35 -> 1
A36: 营收碳排放 | B36: 华菱钢铁 | F36: =IF(ISBLANK(C36),0,IF(C36<=参数底稿!$E$5,10,IF(C36>=参数底稿!$F$5,1,1+9*(参数底稿!$F$5-C36)/(参数底稿!$F$5-参数底稿!$E$5)))) -> 0 | G36: =IF(ISBLANK(E36),0,IF(E36>=参数底稿!$F$6,10,IF(E36<=参数底稿!$E$6,1,1+9*(E36-参数底稿!$E$6)/(参数底稿!$F$6-参数底稿!$E$6)))) -> 0 | H36: =0.7*F36+0.3*G36 -> 0
A37: 营收碳排放 | B37: 宝武钢铁 | F37: =IF(ISBLANK(C37),0,IF(C37<=参数底稿!$E$5,10,IF(C37>=参数底稿!$F$5,1,1+9*(参数底稿!$F$5-C37)/(参数底稿!$F$5-参数底稿!$E$5)))) -> 0 | G37: =IF(ISBLANK(E37),0,IF(E37>=参数底稿!$F$6,10,IF(E37<=参数底稿!$E$6,1,1+9*(E37-参数底稿!$E$6)/(参数底稿!$F$6-参数底稿!$E$6)))) -> 0 | H37: =0.7*F37+0.3*G37 -> 0
A38: 营收碳排放 | B38: 包钢股份 | F38: =IF(ISBLANK(C38),0,IF(C38<=参数底稿!$E$5,10,IF(C38>=参数底稿!$F$5,1,1+9*(参数底稿!$F$5-C38)/(参数底稿!$F$5-参数底稿!$E$5)))) -> 0 | G38: =IF(ISBLANK(E38),0,IF(E38>=参数底稿!$F$6,10,IF(E38<=参数底稿!$E$6,1,1+9*(E38-参数底稿!$E$6)/(参数底稿!$F$6-参数底稿!$E$6)))) -> 0 | H38: =0.7*F38+0.3*G38 -> 0
A39: 营收碳排放 | B39: 鞍钢股份 | F39: =IF(ISBLANK(C39),0,IF(C39<=参数底稿!$E$5,10,IF(C39>=参数底稿!$F$5,1,1+9*(参数底稿!$F$5-C39)/(参数底稿!$F$5-参数底稿!$E$5)))) -> 0 | G39: =IF(ISBLANK(E39),0,IF(E39>=参数底稿!$F$6,10,IF(E39<=参数底稿!$E$6,1,1+9*(E39-参数底稿!$E$6)/(参数底稿!$F$6-参数底稿!$E$6)))) -> 0 | H39: =0.7*F39+0.3*G39 -> 0
A40: 营收碳排放 | B40: 本钢板材 | F40: =IF(ISBLANK(C40),0,IF(C40<=参数底稿!$E$5,10,IF(C40>=参数底稿!$F$5,1,1+9*(参数底稿!$F$5-C40)/(参数底稿!$F$5-参数底稿!$E$5)))) -> 0 | G40: =IF(ISBLANK(E40),0,IF(E40>=参数底稿!$F$6,10,IF(E40<=参数底稿!$E$6,1,1+9*(E40-参数底稿!$E$6)/(参数底稿!$F$6-参数底稿!$E$6)))) -> 0 | H40: =0.7*F40+0.3*G40 -> 0
A41: 营收碳排放 | B41: 凌钢股份 | F41: =IF(ISBLANK(C41),0,IF(C41<=参数底稿!$E$5,10,IF(C41>=参数底稿!$F$5,1,1+9*(参数底稿!$F$5-C41)/(参数底稿!$F$5-参数底稿!$E$5)))) -> 0 | G41: =IF(ISBLANK(E41),0,IF(E41>=参数底稿!$F$6,10,IF(E41<=参数底稿!$E$6,1,1+9*(E41-参数底稿!$E$6)/(参数底稿!$F$6-参数底稿!$E$6)))) -> 0 | H41: =0.7*F41+0.3*G41 -> 0
A42: 营收碳排放 | B42: 八一钢铁 | C42: 4.820826 | F42: =IF(ISBLANK(C42),0,IF(C42<=参数底稿!$E$5,10,IF(C42>=参数底稿!$F$5,1,1+9*(参数底稿!$F$5-C42)/(参数底稿!$F$5-参数底稿!$E$5)))) -> 1 | G42: =IF(ISBLANK(E42),0,IF(E42>=参数底稿!$F$6,10,IF(E42<=参数底稿!$E$6,1,1+9*(E42-参数底稿!$E$6)/(参数底稿!$F$6-参数底稿!$E$6)))) -> 0 | H42: =0.7*F42+0.3*G42 -> 0.7
A44: 用水效率 | B44: 凌钢股份 | C44: 0.19 | D44: 0.5 | E44: 0.62 | F44: =IF(ISBLANK(C44),0,IF(C44<=参数底稿!$E$8,10,IF(C44>=参数底稿!$F$8,1,1+9*(参数底稿!$F$8-C44)/(参数底稿!$F$8-参数底稿!$E$8)))) -> 10 | G44: =IF(ISBLANK(E44),0,IF(E44>=参数底稿!$F$9,10,IF(E44<=参数底稿!$E$9,1,1+9*(E44-参数底稿!$E$9)/(参数底稿!$F$9-参数底稿!$E$9)))) -> 10 | H44: =0.7*F44+0.3*G44 -> 10
A45: 用水效率 | B45: 太钢不锈 | C45: 1.39 | D45: 1.8 | E45: 0.22777778 | F45: =IF(ISBLANK(C45),0,IF(C45<=参数底稿!$E$8,10,IF(C45>=参数底稿!$F$8,1,1+9*(参数底稿!$F$8-C45)/(参数底稿!$F$8-参数底稿!$E$8)))) -> 9.8020165 | G45: =IF(ISBLANK(E45),0,IF(E45>=参数底稿!$F$9,10,IF(E45<=参数底稿!$E$9,1,1+9*(E45-参数底稿!$E$9)/(参数底稿!$F$9-参数底稿!$E$9)))) -> 10 | H45: =0.7*F45+0.3*G45 -> 9.8614115
A46: 用水效率 | B46: 南钢股份 | C46: 2.3 | D46: 2.57 | E46: 0.10505837 | F46: =IF(ISBLANK(C46),0,IF(C46<=参数底稿!$E$8,10,IF(C46>=参数底稿!$F$8,1,1+9*(参数底稿!$F$8-C46)/(参数底稿!$F$8-参数底稿!$E$8)))) -> 6.0485793 | G46: =IF(ISBLANK(E46),0,IF(E46>=参数底稿!$F$9,10,IF(E46<=参数底稿!$E$9,1,1+9*(E46-参数底稿!$E$9)/(参数底稿!$F$9-参数底稿!$E$9)))) -> 8.1293694 | H46: =0.7*F46+0.3*G46 -> 6.6728163
A47: 用水效率 | B47: 包钢股份 | C47: 3.87 | D47: 4.3 | E47: 0.1 | F47: =IF(ISBLANK(C47),0,IF(C47<=参数底稿!$E$8,10,IF(C47>=参数底稿!$F$8,1,1+9*(参数底稿!$F$8-C47)/(参数底稿!$F$8-参数底稿!$E$8)))) -> 1 | G47: =IF(ISBLANK(E47),0,IF(E47>=参数底稿!$F$9,10,IF(E47<=参数底稿!$E$9,1,1+9*(E47-参数底稿!$E$9)/(参数底稿!$F$9-参数底稿!$E$9)))) -> 7.9366053 | H47: =0.7*F47+0.3*G47 -> 3.0809816
A48: 用水效率 | B48: 八一钢铁 | C48: 3.17 | D48: 3.51 | E48: 0.096866097 | F48: =IF(ISBLANK(C48),0,IF(C48<=参数底稿!$E$8,10,IF(C48>=参数底稿!$F$8,1,1+9*(参数底稿!$F$8-C48)/(参数底稿!$F$8-参数底稿!$E$8)))) -> 2.4601283 | G48: =IF(ISBLANK(E48),0,IF(E48>=参数底稿!$F$9,10,IF(E48<=参数底稿!$E$9,1,1+9*(E48-参数底稿!$E$9)/(参数底稿!$F$9-参数底稿!$E$9)))) -> 7.8171785 | H48: =0.7*F48+0.3*G48 -> 4.0672434
A49: 用水效率 | B49: 山东钢铁 | C49: 2.13 | D49: 2.34 | E49: 0.08974359 | F49: =IF(ISBLANK(C49),0,IF(C49<=参数底稿!$E$8,10,IF(C49>=参数底稿!$F$8,1,1+9*(参数底稿!$F$8-C49)/(参数底稿!$F$8-参数底稿!$E$8)))) -> 6.7497709 | G49: =IF(ISBLANK(E49),0,IF(E49>=参数底稿!$F$9,10,IF(E49<=参数底稿!$E$9,1,1+9*(E49-参数底稿!$E$9)/(参数底稿!$F$9-参数底稿!$E$9)))) -> 7.5457542 | H49: =0.7*F49+0.3*G49 -> 6.9885658
A50: 用水效率 | B50: 新钢股份 | C50: 3.5 | D50: 3.8 | E50: 0.078947368 | F50: =IF(ISBLANK(C50),0,IF(C50<=参数底稿!$E$8,10,IF(C50>=参数底稿!$F$8,1,1+9*(参数底稿!$F$8-C50)/(参数底稿!$F$8-参数底稿!$E$8)))) -> 1.0989918 | G50: =IF(ISBLANK(E50),0,IF(E50>=参数底稿!$F$9,10,IF(E50<=参数底稿!$E$9,1,1+9*(E50-参数底稿!$E$9)/(参数底稿!$F$9-参数底稿!$E$9)))) -> 7.134332 | H50: =0.7*F50+0.3*G50 -> 2.9095938
A51: 用水效率 | B51: 首钢股份 | C51: 2.7866476 | D51: 2.9674935 | E51: 0.060942332 | F51: =IF(ISBLANK(C51),0,IF(C51<=参数底稿!$E$8,10,IF(C51>=参数底稿!$F$8,1,1+9*(参数底稿!$F$8-C51)/(参数底稿!$F$8-参数底稿!$E$8)))) -> 4.0413254 | G51: =IF(ISBLANK(E51),0,IF(E51>=参数底稿!$F$9,10,IF(E51<=参数底稿!$E$9,1,1+9*(E51-参数底稿!$E$9)/(参数底稿!$F$9-参数底稿!$E$9)))) -> 6.4481964 | H51: =0.7*F51+0.3*G51 -> 4.7633867
A52: 用水效率 | B52: 宝山钢铁 | C52: 2.36 | D52: 2.5 | E52: 0.056 | F52: =IF(ISBLANK(C52),0,IF(C52<=参数底稿!$E$8,10,IF(C52>=参数底稿!$F$8,1,1+9*(参数底稿!$F$8-C52)/(参数底稿!$F$8-参数底稿!$E$8)))) -> 5.8010999 | G52: =IF(ISBLANK(E52),0,IF(E52>=参数底稿!$F$9,10,IF(E52<=参数底稿!$E$9,1,1+9*(E52-参数底稿!$E$9)/(参数底稿!$F$9-参数底稿!$E$9)))) -> 6.2598541 | H52: =0.7*F52+0.3*G52 -> 5.9387262
A53: 用水效率 | B53: 河钢股份 | C53: 2.33 | D53: 2.39 | E53: 0.025104603 | F53: =IF(ISBLANK(C53),0,IF(C53<=参数底稿!$E$8,10,IF(C53>=参数底稿!$F$8,1,1+9*(参数底稿!$F$8-C53)/(参数底稿!$F$8-参数底稿!$E$8)))) -> 5.9248396 | G53: =IF(ISBLANK(E53),0,IF(E53>=参数底稿!$F$9,10,IF(E53<=参数底稿!$E$9,1,1+9*(E53-参数底稿!$E$9)/(参数底稿!$F$9-参数底稿!$E$9)))) -> 5.0824929 | H53: =0.7*F53+0.3*G53 -> 5.6721356
A54: 用水效率 | B54: 马钢股份 | C54: 1.87 | D54: 1.9 | E54: 0.015789474 | F54: =IF(ISBLANK(C54),0,IF(C54<=参数底稿!$E$8,10,IF(C54>=参数底稿!$F$8,1,1+9*(参数底稿!$F$8-C54)/(参数底稿!$F$8-参数底稿!$E$8)))) -> 7.8221815 | G54: =IF(ISBLANK(E54),0,IF(E54>=参数底稿!$F$9,10,IF(E54<=参数底稿!$E$9,1,1+9*(E54-参数底稿!$E$9)/(参数底稿!$F$9-参数底稿!$E$9)))) -> 4.7275121 | H54: =0.7*F54+0.3*G54 -> 6.8937807
A55: 用水效率 | B55: 宝武钢铁 | C55: 2.28 | D55: 2.3 | E55: 0.0086956522 | F55: =IF(ISBLANK(C55),0,IF(C55<=参数底稿!$E$8,10,IF(C55>=参数底稿!$F$8,1,1+9*(参数底稿!$F$8-C55)/(参数底稿!$F$8-参数底稿!$E$8)))) -> 6.1310724 | G55: =IF(ISBLANK(E55),0,IF(E55>=参数底稿!$F$9,10,IF(E55<=参数底稿!$E$9,1,1+9*(E55-参数底稿!$E$9)/(参数底稿!$F$9-参数底稿!$E$9)))) -> 4.4571809 | H55: =0.7*F55+0.3*G55 -> 5.628905
... A60: 用水效率 | B60: 中信特钢 | C60: 2.49 | D60: 1.85 | E60: -0.34594595 | F60: =IF(ISBLANK(C60),0,IF(C60<=参数底稿!$E$8,10,IF(C60>=参数底稿!$F$8,1,1+9*(参数底稿!$F$8-C60)/(参数底稿!$F$8-参数底稿!$E$8)))) -> 5.2648946 | G60: =IF(ISBLANK(E60),0,IF(E60>=参数底稿!$F$9,10,IF(E60<=参数底稿!$E$9,1,1+9*(E60-参数底稿!$E$9)/(参数底稿!$F$9-参数底稿!$E$9)))) -> 1 | H60: =0.7*F60+0.3*G60 -> 3.9854262
A61: 用水效率 | B61: 杭钢股份 | C61: 1.4884585 | F61: =IF(ISBLANK(C61),0,IF(C61<=参数底稿!$E$8,10,IF(C61>=参数底稿!$F$8,1,1+9*(参数底稿!$F$8-C61)/(参数底稿!$F$8-参数底稿!$E$8)))) -> 9.3959089 | G61: =IF(ISBLANK(E61),0,IF(E61>=参数底稿!$F$9,10,IF(E61<=参数底稿!$E$9,1,1+9*(E61-参数底稿!$E$9)/(参数底稿!$F$9-参数底稿!$E$9)))) -> 0 | H61: =0.7*F61+0.3*G61 -> 6.5771362
A62: 用水效率 | B62: 柳钢股份 | C62: 1.15 | F62: =IF(ISBLANK(C62),0,IF(C62<=参数底稿!$E$8,10,IF(C62>=参数底稿!$F$8,1,1+9*(参数底稿!$F$8-C62)/(参数底稿!$F$8-参数底稿!$E$8)))) -> 10 | G62: =IF(ISBLANK(E62),0,IF(E62>=参数底稿!$F$9,10,IF(E62<=参数底稿!$E$9,1,1+9*(E62-参数底稿!$E$9)/(参数底稿!$F$9-参数底稿!$E$9)))) -> 0 | H62: =0.7*F62+0.3*G62 -> 7
A63: 用水效率 | B63: 鞍钢股份 | F63: =IF(ISBLANK(C63),0,IF(C63<=参数底稿!$E$8,10,IF(C63>=参数底稿!$F$8,1,1+9*(参数底稿!$F$8-C63)/(参数底稿!$F$8-参数底稿!$E$8)))) -> 0 | G63: =IF(ISBLANK(E63),0,IF(E63>=参数底稿!$F$9,10,IF(E63<=参数底稿!$E$9,1,1+9*(E63-参数底稿!$E$9)/(参数底稿!$F$9-参数底稿!$E$9)))) -> 0 | H63: =0.7*F63+0.3*G63 -> 0
A65: 自发可再生电量 | B65: 杭钢股份 | C65: 0.00037240301 | D65: 0.00015585181 | E65: 1.3894686 | F65: =IF(ISBLANK(C65),0,IF(C65>=参数底稿!$F$11,10,IF(C65<=参数底稿!$E$11,1,1+9*(C65-参数底稿!$E$11)/(参数底稿!$F$11-参数底稿!$E$11)))) -> 1.0267649 | G65: =IF(ISBLANK(E65),0,IF(E65>=参数底稿!$F$12,10,IF(E65<=参数底稿!$E$12,1,1+9*(E65-参数底稿!$E$12)/(参数底稿!$F$12-参数底稿!$E$12)))) -> 10 | H65: =0.7*F65+0.3*G65 -> 3.7187354
A66: 自发可再生电量 | B66: 八一钢铁 | C66: 0.062418523 | D66: 0.036022376 | E66: 0.73277085 | F66: =IF(ISBLANK(C66),0,IF(C66>=参数底稿!$F$11,10,IF(C66<=参数底稿!$E$11,1,1+9*(C66-参数底稿!$E$11)/(参数底稿!$F$11-参数底稿!$E$11)))) -> 9.6132747 | G66: =IF(ISBLANK(E66),0,IF(E66>=参数底稿!$F$12,10,IF(E66<=参数底稿!$E$12,1,1+9*(E66-参数底稿!$E$12)/(参数底稿!$F$12-参数底稿!$E$12)))) -> 10 | H66: =0.7*F66+0.3*G66 -> 9.7292923
A67: 自发可再生电量 | B67: 新钢股份 | C67: 8.0396107e-05 | D67: 4.7309281e-05 | E67: 0.69937283 | F67: =IF(ISBLANK(C67),0,IF(C67>=参数底稿!$F$11,10,IF(C67<=参数底稿!$E$11,1,1+9*(C67-参数底稿!$E$11)/(参数底稿!$F$11-参数底稿!$E$11)))) -> 1 | G67: =IF(ISBLANK(E67),0,IF(E67>=参数底稿!$F$12,10,IF(E67<=参数底稿!$E$12,1,1+9*(E67-参数底稿!$E$12)/(参数底稿!$F$12-参数底稿!$E$12)))) -> 9.7391971 | H67: =0.7*F67+0.3*G67 -> 3.6217591
A68: 自发可再生电量 | B68: 南钢股份 | C68: 0.068007493 | D68: 0.043961822 | E68: 0.54696711 | F68: =IF(ISBLANK(C68),0,IF(C68>=参数底稿!$F$11,10,IF(C68<=参数底稿!$E$11,1,1+9*(C68-参数底稿!$E$11)/(参数底稿!$F$11-参数底稿!$E$11)))) -> 10 | G68: =IF(ISBLANK(E68),0,IF(E68>=参数底稿!$F$12,10,IF(E68<=参数底稿!$E$12,1,1+9*(E68-参数底稿!$E$12)/(参数底稿!$F$12-参数底稿!$E$12)))) -> 8.0389847 | H68: =0.7*F68+0.3*G68 -> 9.4116954
A69: 自发可再生电量 | B69: 宝山钢铁 | C69: 0.0014103296 | D69: 0.0010074963 | E69: 0.399836 | F69: =IF(ISBLANK(C69),0,IF(C69>=参数底稿!$F$11,10,IF(C69<=参数底稿!$E$11,1,1+9*(C69-参数底稿!$E$11)/(参数底稿!$F$11-参数底稿!$E$11)))) -> 1.1704027 | G69: =IF(ISBLANK(E69),0,IF(E69>=参数底稿!$F$12,10,IF(E69<=参数底稿!$E$12,1,1+9*(E69-参数底稿!$E$12)/(参数底稿!$F$12-参数底稿!$E$12)))) -> 6.3976149 | H69: =0.7*F69+0.3*G69 -> 2.7385663
A70: 自发可再生电量 | B70: 马钢股份 | C70: 0.006069996 | D70: 0.0047174009 | E70: 0.28672464 | F70: =IF(ISBLANK(C70),0,IF(C70>=参数底稿!$F$11,10,IF(C70<=参数底稿!$E$11,1,1+9*(C70-参数底稿!$E$11)/(参数底稿!$F$11-参数底稿!$E$11)))) -> 1.8152499 | G70: =IF(ISBLANK(E70),0,IF(E70>=参数底稿!$F$12,10,IF(E70<=参数底稿!$E$12,1,1+9*(E70-参数底稿!$E$12)/(参数底稿!$F$12-参数底稿!$E$12)))) -> 5.1357637 | H70: =0.7*F70+0.3*G70 -> 2.8114041
A71: 自发可再生电量 | B71: 河钢股份 | C71: 2.3725103e-05 | D71: 1.9038333e-05 | E71: 0.24617546 | F71: =IF(ISBLANK(C71),0,IF(C71>=参数底稿!$F$11,10,IF(C71<=参数底稿!$E$11,1,1+9*(C71-参数底稿!$E$11)/(参数底稿!$F$11-参数底稿!$E$11)))) -> 1 | G71: =IF(ISBLANK(E71),0,IF(E71>=参数底稿!$F$12,10,IF(E71<=参数底稿!$E$12,1,1+9*(E71-参数底稿!$E$12)/(参数底稿!$F$12-参数底稿!$E$12)))) -> 4.6834039 | H71: =0.7*F71+0.3*G71 -> 2.1050212
A72: 自发可再生电量 | B72: 包钢股份 | C72: 0.00038343265 | D72: 0.00033008446 | E72: 0.16161981 | F72: =IF(ISBLANK(C72),0,IF(C72>=参数底稿!$F$11,10,IF(C72<=参数底稿!$E$11,1,1+9*(C72-参数底稿!$E$11)/(参数底稿!$F$11-参数底稿!$E$11)))) -> 1.0282913 | G72: =IF(ISBLANK(E72),0,IF(E72>=参数底稿!$F$12,10,IF(E72<=参数底稿!$E$12,1,1+9*(E72-参数底稿!$E$12)/(参数底稿!$F$12-参数底稿!$E$12)))) -> 3.7401154 | H72: =0.7*F72+0.3*G72 -> 1.8418385
A73: 自发可再生电量 | B73: 重庆钢铁 | C73: 0.039977956 | D73: 0.034468396 | E73: 0.15984382 | F73: =IF(ISBLANK(C73),0,IF(C73>=参数底稿!$F$11,10,IF(C73<=参数底稿!$E$11,1,1+9*(C73-参数底稿!$E$11)/(参数底稿!$F$11-参数底稿!$E$11)))) -> 6.5077438 | G73: =IF(ISBLANK(E73),0,IF(E73>=参数底稿!$F$12,10,IF(E73<=参数底稿!$E$12,1,1+9*(E73-参数底稿!$E$12)/(参数底稿!$F$12-参数底稿!$E$12)))) -> 3.7203027 | H73: =0.7*F73+0.3*G73 -> 5.6715114
A74: 自发可再生电量 | B74: 山东钢铁 | C74: 0.053322649 | D74: 0.048196387 | E74: 0.10636195 | F74: =IF(ISBLANK(C74),0,IF(C74>=参数底稿!$F$11,10,IF(C74<=参数底稿!$E$11,1,1+9*(C74-参数底稿!$E$11)/(参数底稿!$F$11-参数底稿!$E$11)))) -> 8.3545044 | G74: =IF(ISBLANK(E74),0,IF(E74>=参数底稿!$F$12,10,IF(E74<=参数底稿!$E$12,1,1+9*(E74-参数底稿!$E$12)/(参数底稿!$F$12-参数底稿!$E$12)))) -> 3.123668 | H74: =0.7*F74+0.3*G74 -> 6.7852535
A75: 自发可再生电量 | B75: 中南股份 | C75: 0.00055716294 | D75: 0.0005833868 | E75: -0.044951077 | F75: =IF(ISBLANK(C75),0,IF(C75>=参数底稿!$F$11,10,IF(C75<=参数底稿!$E$11,1,1+9*(C75-参数底稿!$E$11)/(参数底稿!$F$11-参数底稿!$E$11)))) -> 1.0523336 | G75: =IF(ISBLANK(E75),0,IF(E75>=参数底稿!$F$12,10,IF(E75<=参数底稿!$E$12,1,1+9*(E75-参数底稿!$E$12)/(参数底稿!$F$12-参数底稿!$E$12)))) -> 1.4356455 | H75: =0.7*F75+0.3*G75 -> 1.1673272
A76: 自发可再生电量 | B76: 首钢股份 | C76: 0.47843852 | D76: 0.51837537 | E76: -0.077042339 | F76: =IF(ISBLANK(C76),0,IF(C76>=参数底稿!$F$11,10,IF(C76<=参数底稿!$E$11,1,1+9*(C76-参数底稿!$E$11)/(参数底稿!$F$11-参数底稿!$E$11)))) -> 10 | G76: =IF(ISBLANK(E76),0,IF(E76>=参数底稿!$F$12,10,IF(E76<=参数底稿!$E$12,1,1+9*(E76-参数底稿!$E$12)/(参数底稿!$F$12-参数底稿!$E$12)))) -> 1.0776408 | H76: =0.7*F76+0.3*G76 -> 7.3232922
... A78: 自发可再生电量 | B78: 中信特钢 | C78: 0.0012214518 | D78: 0.0013818298 | E78: -0.11606208 | F78: =IF(ISBLANK(C78),0,IF(C78>=参数底稿!$F$11,10,IF(C78<=参数底稿!$E$11,1,1+9*(C78-参数底稿!$E$11)/(参数底稿!$F$11-参数底稿!$E$11)))) -> 1.144264 | G78: =IF(ISBLANK(E78),0,IF(E78>=参数底稿!$F$12,10,IF(E78<=参数底稿!$E$12,1,1+9*(E78-参数底稿!$E$12)/(参数底稿!$F$12-参数底稿!$E$12)))) -> 1 | H78: =0.7*F78+0.3*G78 -> 1.1009848
A79: 自发可再生电量 | B79: 宝武钢铁 | F79: =IF(ISBLANK(C79),0,IF(C79>=参数底稿!$F$11,10,IF(C79<=参数底稿!$E$11,1,1+9*(C79-参数底稿!$E$11)/(参数底稿!$F$11-参数底稿!$E$11)))) -> 0 | G79: =IF(ISBLANK(E79),0,IF(E79>=参数底稿!$F$12,10,IF(E79<=参数底稿!$E$12,1,1+9*(E79-参数底稿!$E$12)/(参数底稿!$F$12-参数底稿!$E$12)))) -> 0 | H79: =0.7*F79+0.3*G79 -> 0
A80: 自发可再生电量 | B80: 鞍钢股份 | C80: 0.0015983497 | F80: =IF(ISBLANK(C80),0,IF(C80>=参数底稿!$F$11,10,IF(C80<=参数底稿!$E$11,1,1+9*(C80-参数底稿!$E$11)/(参数底稿!$F$11-参数底稿!$E$11)))) -> 1.1964226 | G80: =IF(ISBLANK(E80),0,IF(E80>=参数底稿!$F$12,10,IF(E80<=参数底稿!$E$12,1,1+9*(E80-参数底稿!$E$12)/(参数底稿!$F$12-参数底稿!$E$12)))) -> 0 | H80: =0.7*F80+0.3*G80 -> 0.83749582
A81: 自发可再生电量 | B81: 华菱钢铁 | F81: =IF(ISBLANK(C81),0,IF(C81>=参数底稿!$F$11,10,IF(C81<=参数底稿!$E$11,1,1+9*(C81-参数底稿!$E$11)/(参数底稿!$F$11-参数底稿!$E$11)))) -> 0 | G81: =IF(ISBLANK(E81),0,IF(E81>=参数底稿!$F$12,10,IF(E81<=参数底稿!$E$12,1,1+9*(E81-参数底稿!$E$12)/(参数底稿!$F$12-参数底稿!$E$12)))) -> 0 | H81: =0.7*F81+0.3*G81 -> 0
A82: 自发可再生电量 | B82: 柳钢股份 | F82: =IF(ISBLANK(C82),0,IF(C82>=参数底稿!$F$11,10,IF(C82<=参数底稿!$E$11,1,1+9*(C82-参数底稿!$E$11)/(参数底稿!$F$11-参数底稿!$E$11)))) -> 0 | G82: =IF(ISBLANK(E82),0,IF(E82>=参数底稿!$F$12,10,IF(E82<=参数底稿!$E$12,1,1+9*(E82-参数底稿!$E$12)/(参数底稿!$F$12-参数底稿!$E$12)))) -> 0 | H82: =0.7*F82+0.3*G82 -> 0
A83: 自发可再生电量 | B83: 本钢板材 | C83: 0.001989053 | F83: =IF(ISBLANK(C83),0,IF(C83>=参数底稿!$F$11,10,IF(C83<=参数底稿!$E$11,1,1+9*(C83-参数底稿!$E$11)/(参数底稿!$F$11-参数底稿!$E$11)))) -> 1.2504917 | G83: =IF(ISBLANK(E83),0,IF(E83>=参数底稿!$F$12,10,IF(E83<=参数底稿!$E$12,1,1+9*(E83-参数底稿!$E$12)/(参数底稿!$F$12-参数底稿!$E$12)))) -> 0 | H83: =0.7*F83+0.3*G83 -> 0.87534419
A84: 自发可再生电量 | B84: 凌钢股份 | F84: =IF(ISBLANK(C84),0,IF(C84>=参数底稿!$F$11,10,IF(C84<=参数底稿!$E$11,1,1+9*(C84-参数底稿!$E$11)/(参数底稿!$F$11-参数底稿!$E$11)))) -> 0 | G84: =IF(ISBLANK(E84),0,IF(E84>=参数底稿!$F$12,10,IF(E84<=参数底稿!$E$12,1,1+9*(E84-参数底稿!$E$12)/(参数底稿!$F$12-参数底稿!$E$12)))) -> 0 | H84: =0.7*F84+0.3*G84 -> 0
A86: 外购绿电 | B86: 新钢股份 | C86: 0.00011132954 | D86: 8.1698758e-06 | E86: 12.626834 | F86: =IF(ISBLANK(C86),0,IF(C86>=参数底稿!$F$14,10,IF(C86<=参数底稿!$E$14,1,1+9*(C86-参数底稿!$E$14)/(参数底稿!$F$14-参数底稿!$E$14)))) -> 1 | G86: =IF(ISBLANK(E86),0,IF(E86>=参数底稿!$F$15,10,IF(E86<=参数底稿!$E$15,1,1+9*(E86-参数底稿!$E$15)/(参数底稿!$F$15-参数底稿!$E$15)))) -> 10 | H86: =0.7*F86+0.3*G86 -> 3.7
A87: 外购绿电 | B87: 中信特钢 | C87: 0.003500853 | D87: 0.00063684331 | E87: 4.4971968 | F87: =IF(ISBLANK(C87),0,IF(C87>=参数底稿!$F$14,10,IF(C87<=参数底稿!$E$14,1,1+9*(C87-参数底稿!$E$14)/(参数底稿!$F$14-参数底稿!$E$14)))) -> 1 | G87: =IF(ISBLANK(E87),0,IF(E87>=参数底稿!$F$15,10,IF(E87<=参数底稿!$E$15,1,1+9*(E87-参数底稿!$E$15)/(参数底稿!$F$15-参数底稿!$E$15)))) -> 8.6217383 | H87: =0.7*F87+0.3*G87 -> 3.2865215
A88: 外购绿电 | B88: 宝山钢铁 | C88: 0.01711543 | D88: 0.0038524833 | E88: 3.4427006 | F88: =IF(ISBLANK(C88),0,IF(C88>=参数底稿!$F$14,10,IF(C88<=参数底稿!$E$14,1,1+9*(C88-参数底稿!$E$14)/(参数底稿!$F$14-参数底稿!$E$14)))) -> 2.1491444 | G88: =IF(ISBLANK(E88),0,IF(E88>=参数底稿!$F$15,10,IF(E88<=参数底稿!$E$15,1,1+9*(E88-参数底稿!$E$15)/(参数底稿!$F$15-参数底稿!$E$15)))) -> 6.8339923 | H88: =0.7*F88+0.3*G88 -> 3.5545988
A89: 外购绿电 | B89: 鞍钢股份 | C89: 0.013660815 | D89: 0.006349761 | E89: 1.1513904 | F89: =IF(ISBLANK(C89),0,IF(C89>=参数底稿!$F$14,10,IF(C89<=参数底稿!$E$14,1,1+9*(C89-参数底稿!$E$14)/(参数底稿!$F$14-参数底稿!$E$14)))) -> 1.8556342 | G89: =IF(ISBLANK(E89),0,IF(E89>=参数底稿!$F$15,10,IF(E89<=参数底稿!$E$15,1,1+9*(E89-参数底稿!$E$15)/(参数底稿!$F$15-参数底稿!$E$15)))) -> 2.9494069 | H89: =0.7*F89+0.3*G89 -> 2.183766
A90: 外购绿电 | B90: 首钢股份 | C90: 0.08046266 | D90: 0.062110117 | E90: 0.29548397 | F90: =IF(ISBLANK(C90),0,IF(C90>=参数底稿!$F$14,10,IF(C90<=参数底稿!$E$14,1,1+9*(C90-参数底稿!$E$14)/(参数底稿!$F$14-参数底稿!$E$14)))) -> 7.5312371 | G90: =IF(ISBLANK(E90),0,IF(E90>=参数底稿!$F$15,10,IF(E90<=参数底稿!$E$15,1,1+9*(E90-参数底稿!$E$15)/(参数底稿!$F$15-参数底稿!$E$15)))) -> 1.4983412 | H90: =0.7*F90+0.3*G90 -> 5.7213683
A91: 外购绿电 | B91: 马钢股份 | C91: 0.0060601099 | D91: 0.004697111 | E91: 0.29017813 | F91: =IF(ISBLANK(C91),0,IF(C91>=参数底稿!$F$14,10,IF(C91<=参数底稿!$E$14,1,1+9*(C91-参数底稿!$E$14)/(参数底稿!$F$14-参数底稿!$E$14)))) -> 1.2098649 | G91: =IF(ISBLANK(E91),0,IF(E91>=参数底稿!$F$15,10,IF(E91<=参数底稿!$E$15,1,1+9*(E91-参数底稿!$E$15)/(参数底稿!$F$15-参数底稿!$E$15)))) -> 1.489346 | H91: =0.7*F91+0.3*G91 -> 1.2937092
A92: 外购绿电 | B92: 杭钢股份 | C92: 0.018204063 | D92: 0.015258185 | E92: 0.19306871 | F92: =IF(ISBLANK(C92),0,IF(C92>=参数底稿!$F$14,10,IF(C92<=参数底稿!$E$14,1,1+9*(C92-参数底稿!$E$14)/(参数底稿!$F$14-参数底稿!$E$14)))) -> 2.2416367 | G92: =IF(ISBLANK(E92),0,IF(E92>=参数底稿!$F$15,10,IF(E92<=参数底稿!$E$15,1,1+9*(E92-参数底稿!$E$15)/(参数底稿!$F$15-参数底稿!$E$15)))) -> 1.324711 | H92: =0.7*F92+0.3*G92 -> 1.9665589
A93: 外购绿电 | B93: 凌钢股份 | C93: 0.112749 | D93: 0.099028129 | E93: 0.13855533 | F93: =IF(ISBLANK(C93),0,IF(C93>=参数底稿!$F$14,10,IF(C93<=参数底稿!$E$14,1,1+9*(C93-参数底稿!$E$14)/(参数底稿!$F$14-参数底稿!$E$14)))) -> 10 | G93: =IF(ISBLANK(E93),0,IF(E93>=参数底稿!$F$15,10,IF(E93<=参数底稿!$E$15,1,1+9*(E93-参数底稿!$E$15)/(参数底稿!$F$15-参数底稿!$E$15)))) -> 1.2322914 | H93: =0.7*F93+0.3*G93 -> 7.3696874
A94: 外购绿电 | B94: 太钢不锈 | C94: 0.0045972982 | D94: 0.0045766802 | E94: 0.0045050203 | F94: =IF(ISBLANK(C94),0,IF(C94>=参数底稿!$F$14,10,IF(C94<=参数底稿!$E$14,1,1+9*(C94-参数底稿!$E$14)/(参数底稿!$F$14-参数底稿!$E$14)))) -> 1.0855818 | G94: =IF(ISBLANK(E94),0,IF(E94>=参数底稿!$F$15,10,IF(E94<=参数底稿!$E$15,1,1+9*(E94-参数底稿!$E$15)/(参数底稿!$F$15-参数底稿!$E$15)))) -> 1.0050285 | H94: =0.7*F94+0.3*G94 -> 1.0614158
A95: 外购绿电 | B95: 南钢股份 | C95: 0.93199251 | D95: 0.95603818 | E95: -0.025151371 | F95: =IF(ISBLANK(C95),0,IF(C95>=参数底稿!$F$14,10,IF(C95<=参数底稿!$E$14,1,1+9*(C95-参数底稿!$E$14)/(参数底稿!$F$14-参数底稿!$E$14)))) -> 10 | G95: =IF(ISBLANK(E95),0,IF(E95>=参数底稿!$F$15,10,IF(E95<=参数底稿!$E$15,1,1+9*(E95-参数底稿!$E$15)/(参数底稿!$F$15-参数底稿!$E$15)))) -> 1 | H95: =0.7*F95+0.3*G95 -> 7.3
A96: 外购绿电 | B96: 重庆钢铁 | F96: =IF(ISBLANK(C96),0,IF(C96>=参数底稿!$F$14,10,IF(C96<=参数底稿!$E$14,1,1+9*(C96-参数底稿!$E$14)/(参数底稿!$F$14-参数底稿!$E$14)))) -> 0 | G96: =IF(ISBLANK(E96),0,IF(E96>=参数底稿!$F$15,10,IF(E96<=参数底稿!$E$15,1,1+9*(E96-参数底稿!$E$15)/(参数底稿!$F$15-参数底稿!$E$15)))) -> 0 | H96: =0.7*F96+0.3*G96 -> 0
A97: 外购绿电 | B97: 河钢股份 | C97: 0.0043941612 | F97: =IF(ISBLANK(C97),0,IF(C97>=参数底稿!$F$14,10,IF(C97<=参数底稿!$E$14,1,1+9*(C97-参数底稿!$E$14)/(参数底稿!$F$14-参数底稿!$E$14)))) -> 1.068323 | G97: =IF(ISBLANK(E97),0,IF(E97>=参数底稿!$F$15,10,IF(E97<=参数底稿!$E$15,1,1+9*(E97-参数底稿!$E$15)/(参数底稿!$F$15-参数底稿!$E$15)))) -> 0 | H97: =0.7*F97+0.3*G97 -> 0.74782607
A98: 外购绿电 | B98: 宝武钢铁 | F98: =IF(ISBLANK(C98),0,IF(C98>=参数底稿!$F$14,10,IF(C98<=参数底稿!$E$14,1,1+9*(C98-参数底稿!$E$14)/(参数底稿!$F$14-参数底稿!$E$14)))) -> 0 | G98: =IF(ISBLANK(E98),0,IF(E98>=参数底稿!$F$15,10,IF(E98<=参数底稿!$E$15,1,1+9*(E98-参数底稿!$E$15)/(参数底稿!$F$15-参数底稿!$E$15)))) -> 0 | H98: =0.7*F98+0.3*G98 -> 0
A99: 外购绿电 | B99: 山东钢铁 | F99: =IF(ISBLANK(C99),0,IF(C99>=参数底稿!$F$14,10,IF(C99<=参数底稿!$E$14,1,1+9*(C99-参数底稿!$E$14)/(参数底稿!$F$14-参数底稿!$E$14)))) -> 0 | G99: =IF(ISBLANK(E99),0,IF(E99>=参数底稿!$F$15,10,IF(E99<=参数底稿!$E$15,1,1+9*(E99-参数底稿!$E$15)/(参数底稿!$F$15-参数底稿!$E$15)))) -> 0 | H99: =0.7*F99+0.3*G99 -> 0
A100: 外购绿电 | B100: 包钢股份 | F100: =IF(ISBLANK(C100),0,IF(C100>=参数底稿!$F$14,10,IF(C100<=参数底稿!$E$14,1,1+9*(C100-参数底稿!$E$14)/(参数底稿!$F$14-参数底稿!$E$14)))) -> 0 | G100: =IF(ISBLANK(E100),0,IF(E100>=参数底稿!$F$15,10,IF(E100<=参数底稿!$E$15,1,1+9*(E100-参数底稿!$E$15)/(参数底稿!$F$15-参数底稿!$E$15)))) -> 0 | H100: =0.7*F100+0.3*G100 -> 0
A101: 外购绿电 | B101: 华菱钢铁 | F101: =IF(ISBLANK(C101),0,IF(C101>=参数底稿!$F$14,10,IF(C101<=参数底稿!$E$14,1,1+9*(C101-参数底稿!$E$14)/(参数底稿!$F$14-参数底稿!$E$14)))) -> 0 | G101: =IF(ISBLANK(E101),0,IF(E101>=参数底稿!$F$15,10,IF(E101<=参数底稿!$E$15,1,1+9*(E101-参数底稿!$E$15)/(参数底稿!$F$15-参数底稿!$E$15)))) -> 0 | H101: =0.7*F101+0.3*G101 -> 0
A102: 外购绿电 | B102: 柳钢股份 | F102: =IF(ISBLANK(C102),0,IF(C102>=参数底稿!$F$14,10,IF(C102<=参数底稿!$E$14,1,1+9*(C102-参数底稿!$E$14)/(参数底稿!$F$14-参数底稿!$E$14)))) -> 0 | G102: =IF(ISBLANK(E102),0,IF(E102>=参数底稿!$F$15,10,IF(E102<=参数底稿!$E$15,1,1+9*(E102-参数底稿!$E$15)/(参数底稿!$F$15-参数底稿!$E$15)))) -> 0 | H102: =0.7*F102+0.3*G102 -> 0
A103: 外购绿电 | B103: 中南股份 | F103: =IF(ISBLANK(C103),0,IF(C103>=参数底稿!$F$14,10,IF(C103<=参数底稿!$E$14,1,1+9*(C103-参数底稿!$E$14)/(参数底稿!$F$14-参数底稿!$E$14)))) -> 0 | G103: =IF(ISBLANK(E103),0,IF(E103>=参数底稿!$F$15,10,IF(E103<=参数底稿!$E$15,1,1+9*(E103-参数底稿!$E$15)/(参数底稿!$F$15-参数底稿!$E$15)))) -> 0 | H103: =0.7*F103+0.3*G103 -> 0
A104: 外购绿电 | B104: 本钢板材 | F104: =IF(ISBLANK(C104),0,IF(C104>=参数底稿!$F$14,10,IF(C104<=参数底稿!$E$14,1,1+9*(C104-参数底稿!$E$14)/(参数底稿!$F$14-参数底稿!$E$14)))) -> 0 | G104: =IF(ISBLANK(E104),0,IF(E104>=参数底稿!$F$15,10,IF(E104<=参数底稿!$E$15,1,1+9*(E104-参数底稿!$E$15)/(参数底稿!$F$15-参数底稿!$E$15)))) -> 0 | H104: =0.7*F104+0.3*G104 -> 0
A105: 外购绿电 | B105: 八一钢铁 | C105: 0.062335107 | F105: =IF(ISBLANK(C105),0,IF(C105>=参数底稿!$F$14,10,IF(C105<=参数底稿!$E$14,1,1+9*(C105-参数底稿!$E$14)/(参数底稿!$F$14-参数底稿!$E$14)))) -> 5.9910881 | G105: =IF(ISBLANK(E105),0,IF(E105>=参数底稿!$F$15,10,IF(E105<=参数底稿!$E$15,1,1+9*(E105-参数底稿!$E$15)/(参数底稿!$F$15-参数底稿!$E$15)))) -> 0 | H105: =0.7*F105+0.3*G105 -> 4.1937617
A107: 研发投入占比 | B107: 重庆钢铁 | C107: 0.0015416238 | D107: 0.0008138766 | E107: 0.89417395 | F107: =IF(ISBLANK(C107),0,IF(C107>=参数底稿!$F$17,10,IF(C107<=参数底稿!$E$17,1,1+9*(C107-参数底稿!$E$17)/(参数底稿!$F$17-参数底稿!$E$17)))) -> 1 | G107: =IF(ISBLANK(E107),0,IF(E107>=参数底稿!$F$18,10,IF(E107<=参数底稿!$E$18,1,1+9*(E107-参数底稿!$E$18)/(参数底稿!$F$18-参数底稿!$E$18)))) -> 10 | H107: =0.7*F107+0.3*G107 -> 3.7
A108: 研发投入占比 | B108: 包钢股份 | C108: 0.0091204159 | D108: 0.0059803018 | E108: 0.52507618 | F108: =IF(ISBLANK(C108),0,IF(C108>=参数底稿!$F$17,10,IF(C108<=参数底稿!$E$17,1,1+9*(C108-参数底稿!$E$17)/(参数底稿!$F$17-参数底稿!$E$17)))) -> 2.7772178 | G108: =IF(ISBLANK(E108),0,IF(E108>=参数底稿!$F$18,10,IF(E108<=参数底稿!$E$18,1,1+9*(E108-参数底稿!$E$18)/(参数底稿!$F$18-参数底稿!$E$18)))) -> 10 | H108: =0.7*F108+0.3*G108 -> 4.9440524
A109: 研发投入占比 | B109: 太钢不锈 | C109: 0.011068052 | D109: 0.0085591471 | E109: 0.29312558 | F109: =IF(ISBLANK(C109),0,IF(C109>=参数底稿!$F$17,10,IF(C109<=参数底稿!$E$17,1,1+9*(C109-参数底稿!$E$17)/(参数底稿!$F$17-参数底稿!$E$17)))) -> 3.2414319 | G109: =IF(ISBLANK(E109),0,IF(E109>=参数底稿!$F$18,10,IF(E109<=参数底稿!$E$18,1,1+9*(E109-参数底稿!$E$18)/(参数底稿!$F$18-参数底稿!$E$18)))) -> 9.4306444 | H109: =0.7*F109+0.3*G109 -> 5.0981957
A110: 研发投入占比 | B110: 新钢股份 | C110: 0.012845661 | D110: 0.010036124 | E110: 0.27994235 | F110: =IF(ISBLANK(C110),0,IF(C110>=参数底稿!$F$17,10,IF(C110<=参数底稿!$E$17,1,1+9*(C110-参数底稿!$E$17)/(参数底稿!$F$17-参数底稿!$E$17)))) -> 3.6651204 | G110: =IF(ISBLANK(E110),0,IF(E110>=参数底稿!$F$18,10,IF(E110<=参数底稿!$E$18,1,1+9*(E110-参数底稿!$E$18)/(参数底稿!$F$18-参数底稿!$E$18)))) -> 9.1070484 | H110: =0.7*F110+0.3*G110 -> 5.2976988
...

Sheet 参数底稿
A1: 指标 | B1: 维度 | C1: 方向 | D1: 数据量 | E1: P10 | F1: P90 | G1: Span(P90-P10)
A2: 物理碳排放 | B2: 行业维度70% | C2: ↓低好 | D2: 14 | E2: 1.539141 | F2: 2.128523 | G2: 0.589382
A3: 物理碳排放 | B3: 自身维度30% | C3: ↑高好 | D3: 13 | E3: -0.062903 | F3: 0.058469 | G3: 0.121372
A5: 营收碳排放 | B5: 行业维度70% | C5: ↓低好 | D5: 14 | E5: 2.336428 | F5: 4.737165 | G5: 2.400736
A6: 营收碳排放 | B6: 自身维度30% | C6: ↑高好 | D6: 13 | E6: -0.201705 | F6: 0.030489 | G6: 0.232193
A8: 用水效率 | B8: 行业维度70% | C8: ↓低好 | D8: 19 | E8: 1.342 | F8: 3.524 | G8: 2.182
A9: 用水效率 | B9: 自身维度30% | C9: ↑高好 | D9: 17 | E9: -0.082025 | F9: 0.154146 | G9: 0.236171
A11: 自发可再生电量 | B11: 行业维度70% | C11: ↑高好 | D11: 16 | E11: 0.000179 | F11: 0.065213 | G11: 0.065034
A12: 自发可再生电量 | B12: 自身维度30% | C12: ↑高好 | D12: 14 | E12: -0.084002 | F12: 0.722751 | G12: 0.806754
A14: 外购绿电 | B14: 行业维度70% | C14: ↑高好 | D14: 12 | E14: 0.00359 | F14: 0.10952 | G14: 0.10593
A15: 外购绿电 | B15: 自身维度30% | C15: ↑高好 | D15: 10 | E15: 0.001539 | F15: 5.31016 | G15: 5.308621
A17: 研发投入占比 | B17: 行业维度70% | C17: ↑高好 | D17: 20 | E17: 0.001664 | F17: 0.039424 | G17: 0.03776
A18: 研发投入占比 | B18: 自身维度30% | C18: ↑高好 | D18: 20 | E18: -0.050337 | F18: 0.316321 | G18: 0.366657
... A30: 稳就业促就业 | B30: 综合100% | C30: ↑高好 | D30: 20 | E30: -0.085962 | F30: 0.066072 | G30: 0.152034
